Workbook

Sheet Données
A1: DONNÉES CONTRATS - ANALYSE TERME
A2: N° Contrat | B2: CT Yasmine | C2: Majoration Yasmine | D2: Prime HT Avant Terme | E2: Prime HT Après Terme | F2: Prime TTC Avant Terme | G2: Prime TTC Après Terme | H2: Segment Sinistralité | I2: Statut IT | J2: Prime HT Après Test IT | K2: Écart IT (Majoration) | L2: CT Après Test IT
A3: C-2024-001 | B3: 1.15 | C3: 0.08 | D3: 850 | E3: 918 | F3: 1020 | G3: 1101.6 | H3: Bon | I3: Passé | J3: 884 | K3: 0.04 | L3: 1.04
A4: C-2024-002 | B4: 1.35 | C4: 0.12 | D4: 1200 | E4: 1344 | F4: 1440 | G4: 1612.8 | H4: Mauvais | I4: Passé | J4: 1296 | K4: 0.08 | L4: 1.08
A5: C-2024-003 | B5: 0.95 | C5: -0.03 | D5: 620 | E5: 601.4 | F5: 744 | G5: 721.68 | H5: Très bon | I5: Passé | J5: 644.8 | K5: 0.04 | L5: 1.04
A6: C-2024-004 | B6: 1.22 | C6: 0.1 | D6: 980 | E6: 1078 | F6: 1176 | G6: 1293.6 | H6: Moyen | I6: En cours | J6: 1019.2 | K6: 0.04 | L6: 1.04
A7: C-2024-005 | B7: 1.5 | C7: 0.15 | D7: 1500 | E7: 1725 | F7: 1800 | G7: 2070 | H7: Très mauvais | I7: Passé | J7: 1620 | K7: 0.08 | L7: 1.08
A8: C-2024-006 | B8: 1.08 | C8: 0.05 | D8: 730 | E8: 766.5 | F8: 876 | G8: 919.8 | H8: Bon | I8: Passé | J8: 759.2 | K8: 0.04 | L8: 1.04
A9: C-2024-007 | B9: 1.42 | C9: 0.13 | D9: 1100 | E9: 1243 | F9: 1320 | G9: 1491.6 | H9: Mauvais | I9: En cours | J9: 1188 | K9: 0.08 | L9: 1.08
A10: C-2024-008 | B10: 0.9 | C10: 0 | D10: 540 | E10: 540 | F10: 648 | G10: 648 | H10: Très bon | I10: Passé | J10: 561.6 | K10: 0.04 | L10: 1.04
A11: C-2024-009 | B11: 1.18 | C11: 0.07 | D11: 890 | E11: 952.3 | F11: 1068 | G11: 1142.76 | H11: Moyen | I11: Passé | J11: 925.6 | K11: 0.04 | L11: 1.04
A12: C-2024-010 | B12: 1.55 | C12: 0.18 | D12: 1650 | E12: 1947 | F12: 1980 | G12: 2336.4 | H12: Très mauvais | I12: Passé | J12: 1782 | K12: 0.08 | L12: 1.08
A13: C-2024-011 | B13: 1.02 | C13: 0.04 | D13: 680 | E13: 707.2 | F13: 816 | G13: 848.64 | H13: Bon | I13: Passé | J13: 707.2 | K13: 0.04 | L13: 1.04
A14: C-2024-012 | B14: 1.3 | C14: 0.1 | D14: 1050 | E14: 1155 | F14: 1260 | G14: 1386 | H14: Moyen | I14: En cours | J14: 1092 | K14: 0.04 | L14: 1.04
... A17: C-2024-015 | B17: 1.6 | C17: 0.2 | D17: 1800 | E17: 2160 | F17: 2160 | G17: 2592 | H17: Très mauvais | I17: Passé | J17: 1944 | K17: 0.08 | L17: 1.08

Sheet Analyse Comparative
A1: ANALYSE COMPARATIVE DES 3 SCÉNARIOS
A2: N° Contrat | B2: Prime HT Avant | C2: Scénario 1: +4% Flat | D2: Écart vs Avant (4%) | E2: Scénario 2: Majo Yasmine | F2: Écart vs Avant (Yasmine) | G2: Scénario 3: IT Test | H2: Écart vs Avant (IT) | I2: Delta Yasmine vs 4% | J2: Delta IT vs 4% | K2: Segment
A3: =Données!A3 -> C-2024-001 | B3: =Données!D3 -> 850 | C3: =Données!D3*1.04 -> 884 | D3: =C3-B3 -> 34 | E3: =Données!E3 -> 918 | F3: =E3-B3 -> 68 | G3: =Données!J3 -> 884 | H3: =G3-B3 -> 34 | I3: =E3-C3 -> 34 | J3: =G3-C3 -> 0 | K3: =Données!H3 -> Bon
A4: =Données!A4 -> C-2024-002 | B4: =Données!D4 -> 1200 | C4: =Données!D4*1.04 -> 1248 | D4: =C4-B4 -> 48 | E4: =Données!E4 -> 1344 | F4: =E4-B4 -> 144 | G4: =Données!J4 -> 1296 | H4: =G4-B4 -> 96 | I4: =E4-C4 -> 96 | J4: =G4-C4 -> 48 | K4: =Données!H4 -> Mauvais
A5: =Données!A5 -> C-2024-003 | B5: =Données!D5 -> 620 | C5: =Données!D5*1.04 -> 644.8 | D5: =C5-B5 -> 24.8 | E5: =Données!E5 -> 601.4 | F5: =E5-B5 -> -18.6 | G5: =Données!J5 -> 644.8 | H5: =G5-B5 -> 24.8 | I5: =E5-C5 -> -43.4 | J5: =G5-C5 -> 0 | K5: =Données!H5 -> Très bon
A6: =Données!A6 -> C-2024-004 | B6: =Données!D6 -> 980 | C6: =Données!D6*1.04 -> 1019.2 | D6: =C6-B6 -> 39.2 | E6: =Données!E6 -> 1078 | F6: =E6-B6 -> 98 | G6: =Données!J6 -> 1019.2 | H6: =G6-B6 -> 39.2 | I6: =E6-C6 -> 58.8 | J6: =G6-C6 -> 0 | K6: =Données!H6 -> Moyen
A7: =Données!A7 -> C-2024-005 | B7: =Données!D7 -> 1500 | C7: =Données!D7*1.04 -> 1560 | D7: =C7-B7 -> 60 | E7: =Données!E7 -> 1725 | F7: =E7-B7 -> 225 | G7: =Données!J7 -> 1620 | H7: =G7-B7 -> 120 | I7: =E7-C7 -> 165 | J7: =G7-C7 -> 60 | K7: =Données!H7 -> Très mauvais
A8: =Données!A8 -> C-2024-006 | B8: =Données!D8 -> 730 | C8: =Données!D8*1.04 -> 759.2 | D8: =C8-B8 -> 29.2 | E8: =Données!E8 -> 766.5 | F8: =E8-B8 -> 36.5 | G8: =Données!J8 -> 759.2 | H8: =G8-B8 -> 29.2 | I8: =E8-C8 -> 7.3 | J8: =G8-C8 -> 0 | K8: =Données!H8 -> Bon
A9: =Données!A9 -> C-2024-007 | B9: =Données!D9 -> 1100 | C9: =Données!D9*1.04 -> 1144 | D9: =C9-B9 -> 44 | E9: =Données!E9 -> 1243 | F9: =E9-B9 -> 143 | G9: =Données!J9 -> 1188 | H9: =G9-B9 -> 88 | I9: =E9-C9 -> 99 | J9: =G9-C9 -> 44 | K9: =Données!H9 -> Mauvais
A10: =Données!A10 -> C-2024-008 | B10: =Données!D10 -> 540 | C10: =Données!D10*1.04 -> 561.6 | D10: =C10-B10 -> 21.6 | E10: =Données!E10 -> 540 | F10: =E10-B10 -> 0 | G10: =Données!J10 -> 561.6 | H10: =G10-B10 -> 21.6 | I10: =E10-C10 -> -21.6 | J10: =G10-C10 -> 0 | K10: =Données!H10 -> Très bon
A11: =Données!A11 -> C-2024-009 | B11: =Données!D11 -> 890 | C11: =Données!D11*1.04 -> 925.6 | D11: =C11-B11 -> 35.6 | E11: =Données!E11 -> 952.3 | F11: =E11-B11 -> 62.3 | G11: =Données!J11 -> 925.6 | H11: =G11-B11 -> 35.6 | I11: =E11-C11 -> 26.7 | J11: =G11-C11 -> 0 | K11: =Données!H11 -> Moyen
A12: =Données!A12 -> C-2024-010 | B12: =Données!D12 -> 1650 | C12: =Données!D12*1.04 -> 1716 | D12: =C12-B12 -> 66 | E12: =Données!E12 -> 1947 | F12: =E12-B12 -> 297 | G12: =Données!J12 -> 1782 | H12: =G12-B12 -> 132 | I12: =E12-C12 -> 231 | J12: =G12-C12 -> 66 | K12: =Données!H12 -> Très mauvais
A13: =Données!A13 -> C-2024-011 | B13: =Données!D13 -> 680 | C13: =Données!D13*1.04 -> 707.2 | D13: =C13-B13 -> 27.2 | E13: =Données!E13 -> 707.2 | F13: =E13-B13 -> 27.2 | G13: =Données!J13 -> 707.2 | H13: =G13-B13 -> 27.2 | I13: =E13-C13 -> 0 | J13: =G13-C13 -> 0 | K13: =Données!H13 -> Bon
A14: =Données!A14 -> C-2024-012 | B14: =Données!D14 -> 1050 | C14: =Données!D14*1.04 -> 1092 | D14: =C14-B14 -> 42 | E14: =Données!E14 -> 1155 | F14: =E14-B14 -> 105 | G14: =Données!J14 -> 1092 | H14: =G14-B14 -> 42 | I14: =E14-C14 -> 63 | J14: =G14-C14 -> 0 | K14: =Données!H14 -> Moyen
... A17: =Données!A17 -> C-2024-015 | B17: =Données!D17 -> 1800 | C17: =Données!D17*1.04 -> 1872 | D17: =C17-B17 -> 72 | E17: =Données!E17 -> 2160 | F17: =E17-B17 -> 360 | G17: =Données!J17 -> 1944 | H17: =G17-B17 -> 144 | I17: =E17-C17 -> 288 | J17: =G17-C17 -> 72 | K17: =Données!H17 -> Très mauvais
A18: TOTAL | B18: =SUM(B3:B17) -> 15440 | C18: =SUM(C3:C17) -> 16057.6 | D18: =SUM(D3:D17) -> 617.6 | E18: =SUM(E3:E17) -> 17151.4 | F18: =SUM(F3:F17) -> 1711.4 | G18: =SUM(G3:G17) -> 16401.6 | H18: =SUM(H3:H17) -> 961.6 | I18: =SUM(I3:I17) -> 1093.8 | J18: =SUM(J3:J17) -> 344
A19: MOYENNE | B19: =AVERAGE(B3:B17) -> 1029.3333 | C19: =AVERAGE(C3:C17) -> 1070.5067 | D19: =AVERAGE(D3:D17) -> 41.173333 | E19: =AVERAGE(E3:E17) -> 1143.4267 | F19: =AVERAGE(F3:F17) -> 114.09333 | G19: =AVERAGE(G3:G17) -> 1093.44 | H19: =AVERAGE(H3:H17) -> 64.106667 | I19: =AVERAGE(I3:I17) -> 72.92 | J19: =AVERAGE(J3:J17) -> 22.933333
A21: % Variation Totale | C21: =C18/B18-1 -> 0.04 | E21: =E18/B18-1 -> 0.11084197 | G21: =G18/B18-1 -> 0.062279793

Sheet Stats par Segment
A1: STATISTIQUES PAR SEGMENT DE SINISTRALITÉ
A2: Segment | B2: Nb Contrats | C2: Prime HT Moy Avant | D2: Majo Moy Yasmine | E2: Prime Moy +4% | F2: Prime Moy Yasmine | G2: Prime Moy IT | H2: Perte/Gain vs 4% (Yasmine) | I2: Perte/Gain vs 4% (IT)
A3: Très bon | B3: =COUNTIF(Données!H3:H17,A3) -> 3 | C3: =AVERAGEIF(Données!H3:H17,A3,Données!D3:D17) -> 553.33333 | D3: =AVERAGEIF(Données!H3:H17,A3,Données!C3:C17) -> -0.026666667 | E3: =C3*1.04 -> 575.46667 | F3: =AVERAGEIF(Données!H3:H17,A3,Données!E3:E17) -> 538.8 | G3: =AVERAGEIF(Données!H3:H17,A3,Données!J3:J17) -> 575.46667 | H3: =F3-E3 -> -36.666667 | I3: =G3-E3 -> 0
A4: Bon | B4: =COUNTIF(Données!H3:H17,A4) -> 3 | C4: =AVERAGEIF(Données!H3:H17,A4,Données!D3:D17) -> 753.33333 | D4: =AVERAGEIF(Données!H3:H17,A4,Données!C3:C17) -> 0.056666667 | E4: =C4*1.04 -> 783.46667 | F4: =AVERAGEIF(Données!H3:H17,A4,Données!E3:E17) -> 797.23333 | G4: =AVERAGEIF(Données!H3:H17,A4,Données!J3:J17) -> 783.46667 | H4: =F4-E4 -> 13.766667 | I4: =G4-E4 -> 0
A5: Moyen | B5: =COUNTIF(Données!H3:H17,A5) -> 3 | C5: =AVERAGEIF(Données!H3:H17,A5,Données!D3:D17) -> 973.33333 | D5: =AVERAGEIF(Données!H3:H17,A5,Données!C3:C17) -> 0.09 | E5: =C5*1.04 -> 1012.2667 | F5: =AVERAGEIF(Données!H3:H17,A5,Données!E3:E17) -> 1061.7667 | G5: =AVERAGEIF(Données!H3:H17,A5,Données!J3:J17) -> 1012.2667 | H5: =F5-E5 -> 49.5 | I5: =G5-E5 -> 0
A6: Mauvais | B6: =COUNTIF(Données!H3:H17,A6) -> 3 | C6: =AVERAGEIF(Données!H3:H17,A6,Données!D3:D17) -> 1216.6667 | D6: =AVERAGEIF(Données!H3:H17,A6,Données!C3:C17) -> 0.13 | E6: =C6*1.04 -> 1265.3333 | F6: =AVERAGEIF(Données!H3:H17,A6,Données!E3:E17) -> 1375.3333 | G6: =AVERAGEIF(Données!H3:H17,A6,Données!J3:J17) -> 1314 | H6: =F6-E6 -> 110 | I6: =G6-E6 -> 48.666667
A7: Très mauvais | B7: =COUNTIF(Données!H3:H17,A7) -> 3 | C7: =AVERAGEIF(Données!H3:H17,A7,Données!D3:D17) -> 1650 | D7: =AVERAGEIF(Données!H3:H17,A7,Données!C3:C17) -> 0.17666667 | E7: =C7*1.04 -> 1716 | F7: =AVERAGEIF(Données!H3:H17,A7,Données!E3:E17) -> 1944 | G7: =AVERAGEIF(Données!H3:H17,A7,Données!J3:J17) -> 1782 | H7: =F7-E7 -> 228 | I7: =G7-E7 -> 66
A10: RÉSUMÉ GLOBAL
A11: Total Prime HT Avant (portefeuille) | H11: ='Analyse Comparative'!B18 -> 15440
A12: Total Prime HT avec +4% Flat | H12: ='Analyse Comparative'!C18 -> 16057.6
A13: Total Prime HT avec Majo Yasmine | H13: ='Analyse Comparative'!E18 -> 17151.4
A14: Total Prime HT avec Majo IT | H14: ='Analyse Comparative'!G18 -> 16401.6
A15: Écart Total: Yasmine vs 4% | H15: =H13-H12 -> 1093.8
A16: Écart Total: IT vs 4% | H16: =H14-H12 -> 344
A17: Écart Total: Yasmine vs IT | H17: =H13-H14 -> 749.8

Sheet Dashboard
A1: DASHBOARD - IMPACT ANALYSE DES MAJORATIONS
A3: Segment | B3: Scénario +4% | C3: Scénario Yasmine | D3: Scénario IT
A4: Très bon | B4: ='Stats par Segment'!E3 -> 575.46667 | C4: ='Stats par Segment'!F3 -> 538.8 | D4: ='Stats par Segment'!G3 -> 575.46667
A5: Bon | B5: ='Stats par Segment'!E4 -> 783.46667 | C5: ='Stats par Segment'!F4 -> 797.23333 | D5: ='Stats par Segment'!G4 -> 783.46667
A6: Moyen | B6: ='Stats par Segment'!E5 -> 1012.2667 | C6: ='Stats par Segment'!F5 -> 1061.7667 | D6: ='Stats par Segment'!G5 -> 1012.2667
A7: Mauvais | B7: ='Stats par Segment'!E6 -> 1265.3333 | C7: ='Stats par Segment'!F6 -> 1375.3333 | D7: ='Stats par Segment'!G6 -> 1314
A8: Très mauvais | B8: ='Stats par Segment'!E7 -> 1716 | C8: ='Stats par Segment'!F7 -> 1944 | D8: ='Stats par Segment'!G7 -> 1782
A10: N° Contrat | B10: Écart Yasmine vs 4% | C10: Écart IT vs 4%
A11: ='Analyse Comparative'!A3 -> C-2024-001 | B11: ='Analyse Comparative'!I3 -> 34 | C11: ='Analyse Comparative'!J3 -> 0
A12: ='Analyse Comparative'!A4 -> C-2024-002 | B12: ='Analyse Comparative'!I4 -> 96 | C12: ='Analyse Comparative'!J4 -> 48
A13: ='Analyse Comparative'!A5 -> C-2024-003 | B13: ='Analyse Comparative'!I5 -> -43.4 | C13: ='Analyse Comparative'!J5 -> 0
A14: ='Analyse Comparative'!A6 -> C-2024-004 | B14: ='Analyse Comparative'!I6 -> 58.8 | C14: ='Analyse Comparative'!J6 -> 0
A15: ='Analyse Comparative'!A7 -> C-2024-005 | B15: ='Analyse Comparative'!I7 -> 165 | C15: ='Analyse Comparative'!J7 -> 60
A16: ='Analyse Comparative'!A8 -> C-2024-006 | B16: ='Analyse Comparative'!I8 -> 7.3 | C16: ='Analyse Comparative'!J8 -> 0
A17: ='Analyse Comparative'!A9 -> C-2024-007 | B17: ='Analyse Comparative'!I9 -> 99 | C17: ='Analyse Comparative'!J9 -> 44
A18: ='Analyse Comparative'!A10 -> C-2024-008 | B18: ='Analyse Comparative'!I10 -> -21.6 | C18: ='Analyse Comparative'!J10 -> 0
A19: ='Analyse Comparative'!A11 -> C-2024-009 | B19: ='Analyse Comparative'!I11 -> 26.7 | C19: ='Analyse Comparative'!J11 -> 0
A20: ='Analyse Comparative'!A12 -> C-2024-010 | B20: ='Analyse Comparative'!I12 -> 231 | C20: ='Analyse Comparative'!J12 -> 66
A21: ='Analyse Comparative'!A13 -> C-2024-011 | B21: ='Analyse Comparative'!I13 -> 0 | C21: ='Analyse Comparative'!J13 -> 0
A22: ='Analyse Comparative'!A14 -> C-2024-012 | B22: ='Analyse Comparative'!I14 -> 63 | C22: ='Analyse Comparative'!J14 -> 0
... A25: ='Analyse Comparative'!A17 -> C-2024-015 | B25: ='Analyse Comparative'!I17 -> 288 | C25: ='Analyse Comparative'!J17 -> 72
A27: N° Contrat | B27: Majo Yasmine | C27: Majo IT | D27: Flat 4%
A28: =Données!A3 -> C-2024-001 | B28: =Données!C3 -> 0.08 | C28: =Données!K3 -> 0.04 | D28: 0.04
A29: =Données!A4 -> C-2024-002 | B29: =Données!C4 -> 0.12 | C29: =Données!K4 -> 0.08 | D29: 0.04
A30: =Données!A5 -> C-2024-003 | B30: =Données!C5 -> -0.03 | C30: =Données!K5 -> 0.04 | D30: 0.04
A31: =Données!A6 -> C-2024-004 | B31: =Données!C6 -> 0.1 | C31: =Données!K6 -> 0.04 | D31: 0.04
A32: =Données!A7 -> C-2024-005 | B32: =Données!C7 -> 0.15 | C32: =Données!K7 -> 0.08 | D32: 0.04
A33: =Données!A8 -> C-2024-006 | B33: =Données!C8 -> 0.05 | C33: =Données!K8 -> 0.04 | D33: 0.04
A34: =Données!A9 -> C-2024-007 | B34: =Données!C9 -> 0.13 | C34: =Données!K9 -> 0.08 | D34: 0.04
A35: =Données!A10 -> C-2024-008 | B35: =Données!C10 -> 0 | C35: =Données!K10 -> 0.04 | D35: 0.04
A36: =Données!A11 -> C-2024-009 | B36: =Données!C11 -> 0.07 | C36: =Données!K11 -> 0.04 | D36: 0.04
A37: =Données!A12 -> C-2024-010 | B37: =Données!C12 -> 0.18 | C37: =Données!K12 -> 0.08 | D37: 0.04
A38: =Données!A13 -> C-2024-011 | B38: =Données!C13 -> 0.04 | C38: =Données!K13 -> 0.04 | D38: 0.04
A39: =Données!A14 -> C-2024-012 | B39: =Données!C14 -> 0.1 | C39: =Données!K14 -> 0.04 | D39: 0.04
... A42: =Données!A17 -> C-2024-015 | B42: =Données!C17 -> 0.2 | C42: =Données!K17 -> 0.08 | D42: 0.04

Sheet Note Méthodologique
A1: NOTE MÉTHODOLOGIQUE
A3: Objectif
A4: Comparer l'impact financier de 3 stratégies de majoration sur les contrats non-terme.
A5: Scénario 1 - Flat +4%
A6: Application uniforme de +4% sur la Prime HT Avant Terme. C'est la contrainte système IT.
A7: Scénario 2 - Majoration Yasmine
A8: Application des majorations personnalisées par contrat selon l'analyse du CT et du segment sinistralité.
A9: Scénario 3 - IT Test
A10: Résultat du passage en test IT avec scoring sinistre intégré (4% de base + scoring pour sinistralité élevée).
A11: CT (Coefficient Tarifaire)
A12: Rapport entre Prime Portefeuille et Prime Affaire Nouvelle. CT > 1 = sous-tarifé, CT < 1 = sur-tarifé.
A13: Segments Sinistralité
... A18: Remplacer les données exemples dans l'onglet 'Données' par vos vraies données. Tous les calculs se mettent à jour automatiquement.
