Workbook

Sheet Données Contrats
A1: Analyse des Écarts de Majoration / Minoration — 300 Contrats
A2: Coefficients tarifaires : souhaités vs appliqués par IT
A4: N° Contrat | B4: Coeff. Souhaité | C4: Coeff. Appliqué IT | D4: Écart (coeff) | E4: Écart (%) | F4: Statut | G4: Action Requise
A5: CTR-10001 | B5: 1 | C5: 1 | D5: =C5-B5 -> 0 | E5: =IF(B5=0,0,(C5-B5)/B5) -> 0 | F5: =IF(ABS(D5)<0.0001,"OK",IF(ABS(E5)<=0.02,"Mineur","Critique")) -> OK | G5: =IF(F5="OK","Aucune",IF(F5="Mineur","Ajustement mineur","Correction urgente")) -> Aucune
A6: CTR-10002 | B6: 1.0333 | C6: 1.0602 | D6: =C6-B6 -> 0.0269 | E6: =IF(B6=0,0,(C6-B6)/B6) -> 0.026033098 | F6: =IF(ABS(D6)<0.0001,"OK",IF(ABS(E6)<=0.02,"Mineur","Critique")) -> Critique | G6: =IF(F6="OK","Aucune",IF(F6="Mineur","Ajustement mineur","Correction urgente")) -> Correction urgente
A7: CTR-10003 | B7: 1.0983 | C7: 1.0983 | D7: =C7-B7 -> 0 | E7: =IF(B7=0,0,(C7-B7)/B7) -> 0 | F7: =IF(ABS(D7)<0.0001,"OK",IF(ABS(E7)<=0.02,"Mineur","Critique")) -> OK | G7: =IF(F7="OK","Aucune",IF(F7="Mineur","Ajustement mineur","Correction urgente")) -> Aucune
A8: CTR-10004 | B8: 0.952 | C8: 0.952 | D8: =C8-B8 -> 0 | E8: =IF(B8=0,0,(C8-B8)/B8) -> 0 | F8: =IF(ABS(D8)<0.0001,"OK",IF(ABS(E8)<=0.02,"Mineur","Critique")) -> OK | G8: =IF(F8="OK","Aucune",IF(F8="Mineur","Ajustement mineur","Correction urgente")) -> Aucune
A9: CTR-10005 | B9: 0.9223 | C9: 0.9223 | D9: =C9-B9 -> 0 | E9: =IF(B9=0,0,(C9-B9)/B9) -> 0 | F9: =IF(ABS(D9)<0.0001,"OK",IF(ABS(E9)<=0.02,"Mineur","Critique")) -> OK | G9: =IF(F9="OK","Aucune",IF(F9="Mineur","Ajustement mineur","Correction urgente")) -> Aucune
A10: CTR-10006 | B10: 1 | C10: 1 | D10: =C10-B10 -> 0 | E10: =IF(B10=0,0,(C10-B10)/B10) -> 0 | F10: =IF(ABS(D10)<0.0001,"OK",IF(ABS(E10)<=0.02,"Mineur","Critique")) -> OK | G10: =IF(F10="OK","Aucune",IF(F10="Mineur","Ajustement mineur","Correction urgente")) -> Aucune
A11: CTR-10007 | B11: 1 | C11: 1 | D11: =C11-B11 -> 0 | E11: =IF(B11=0,0,(C11-B11)/B11) -> 0 | F11: =IF(ABS(D11)<0.0001,"OK",IF(ABS(E11)<=0.02,"Mineur","Critique")) -> OK | G11: =IF(F11="OK","Aucune",IF(F11="Mineur","Ajustement mineur","Correction urgente")) -> Aucune
A12: CTR-10008 | B12: 1.1149 | C12: 1.1149 | D12: =C12-B12 -> 0 | E12: =IF(B12=0,0,(C12-B12)/B12) -> 0 | F12: =IF(ABS(D12)<0.0001,"OK",IF(ABS(E12)<=0.02,"Mineur","Critique")) -> OK | G12: =IF(F12="OK","Aucune",IF(F12="Mineur","Ajustement mineur","Correction urgente")) -> Aucune
A13: CTR-10009 | B13: 1 | C13: 0.9747 | D13: =C13-B13 -> -0.0253 | E13: =IF(B13=0,0,(C13-B13)/B13) -> -0.0253 | F13: =IF(ABS(D13)<0.0001,"OK",IF(ABS(E13)<=0.02,"Mineur","Critique")) -> Critique | G13: =IF(F13="OK","Aucune",IF(F13="Mineur","Ajustement mineur","Correction urgente")) -> Correction urgente
A14: CTR-10010 | B14: 1 | C14: 0.976 | D14: =C14-B14 -> -0.024 | E14: =IF(B14=0,0,(C14-B14)/B14) -> -0.024 | F14: =IF(ABS(D14)<0.0001,"OK",IF(ABS(E14)<=0.02,"Mineur","Critique")) -> Critique | G14: =IF(F14="OK","Aucune",IF(F14="Mineur","Ajustement mineur","Correction urgente")) -> Correction urgente
A15: CTR-10011 | B15: 1 | C15: 1 | D15: =C15-B15 -> 0 | E15: =IF(B15=0,0,(C15-B15)/B15) -> 0 | F15: =IF(ABS(D15)<0.0001,"OK",IF(ABS(E15)<=0.02,"Mineur","Critique")) -> OK | G15: =IF(F15="OK","Aucune",IF(F15="Mineur","Ajustement mineur","Correction urgente")) -> Aucune
A16: CTR-10012 | B16: 1.1112 | C16: 1.1112 | D16: =C16-B16 -> 0 | E16: =IF(B16=0,0,(C16-B16)/B16) -> 0 | F16: =IF(ABS(D16)<0.0001,"OK",IF(ABS(E16)<=0.02,"Mineur","Critique")) -> OK | G16: =IF(F16="OK","Aucune",IF(F16="Mineur","Ajustement mineur","Correction urgente")) -> Aucune
... A304: CTR-10300 | B304: 1.1069 | C304: 1.0596 | D304: =C304-B304 -> -0.0473 | E304: =IF(B304=0,0,(C304-B304)/B304) -> -0.042731954 | F304: =IF(ABS(D304)<0.0001,"OK",IF(ABS(E304)<=0.02,"Mineur","Critique")) -> Critique | G304: =IF(F304="OK","Aucune",IF(F304="Mineur","Ajustement mineur","Correction urgente")) -> Correction urgente

Sheet Synthèse & KPI
A1: Tableau de Bord — Synthèse des Écarts
A3: Total Contrats | B3: =COUNTA('Données Contrats'!A5:A304) -> 300 | D3: Statut | E3: Nombre | G3: Plage Écart | H3: Nb Contrats
A4: Contrats OK (aucun écart) | B4: =COUNTIF('Données Contrats'!F5:F304,"OK") -> 238 | D4: OK | E4: =B4 -> 238 | G4: 0 (OK) | H4: =COUNTIF('Données Contrats'!D5:D304,"=0") -> 238
A5: Écarts Mineurs (≤2%) | B5: =COUNTIF('Données Contrats'!F5:F304,"Mineur") -> 11 | D5: Mineur | E5: =B5 -> 11 | G5: ]0 ; 0.01] | H5: =COUNTIFS('Données Contrats'!D5:D304,">0",'Données Contrats'!D5:D304,"<=0.01") -> 1
A6: Écarts Critiques (>2%) | B6: =COUNTIF('Données Contrats'!F5:F304,"Critique") -> 51 | D6: Critique | E6: =B6 -> 51 | G6: ]0.01 ; 0.02] | H6: =COUNTIFS('Données Contrats'!D5:D304,">0.01",'Données Contrats'!D5:D304,"<=0.02") -> 4
A7: Taux de Conformité | B7: =COUNTIF('Données Contrats'!F5:F304,"OK")/COUNTA('Données Contrats'!A5:A304) -> 0.79333333 | G7: ]0.02 ; 0.05] | H7: =COUNTIFS('Données Contrats'!D5:D304,">0.02",'Données Contrats'!D5:D304,"<=0.05") -> 18
A8: Écart Moyen Absolu (coeff) | B8: =SUMPRODUCT(ABS('Données Contrats'!D5:D304))/COUNTA('Données Contrats'!A5:A304) -> 0.007956 | G8: > 0.05 | H8: =COUNTIF('Données Contrats'!D5:D304,">0.05") -> 8
A9: Écart Max (coeff) | B9: =MAX('Données Contrats'!D5:D304) -> 0.0976 | G9: < 0 (négatif) | H9: =COUNTIF('Données Contrats'!D5:D304,"<0") -> 31

Sheet Contrats à Corriger
A1: Liste des Contrats Nécessitant un Ajustement Manuel
A2: → Transmettre cette liste à l'équipe IT / opérations pour correction
A4: N° Contrat | B4: Coeff. Souhaité | C4: Coeff. Appliqué IT | D4: Écart (coeff) | E4: Écart (%) | F4: Statut | G4: Coeff. Cible à Appliquer
A5: ='Données Contrats'!A5 -> CTR-10001 | B5: ='Données Contrats'!B5 -> 1 | C5: ='Données Contrats'!C5 -> 1 | D5: ='Données Contrats'!D5 -> 0 | E5: ='Données Contrats'!E5 -> 0 | F5: ='Données Contrats'!F5 -> OK | G5: =IF(F5="OK","-",'Données Contrats'!B5) -> -
A6: ='Données Contrats'!A6 -> CTR-10002 | B6: ='Données Contrats'!B6 -> 1.0333 | C6: ='Données Contrats'!C6 -> 1.0602 | D6: ='Données Contrats'!D6 -> 0.0269 | E6: ='Données Contrats'!E6 -> 0.026033098 | F6: ='Données Contrats'!F6 -> Critique | G6: =IF(F6="OK","-",'Données Contrats'!B6) -> 1.0333
A7: ='Données Contrats'!A7 -> CTR-10003 | B7: ='Données Contrats'!B7 -> 1.0983 | C7: ='Données Contrats'!C7 -> 1.0983 | D7: ='Données Contrats'!D7 -> 0 | E7: ='Données Contrats'!E7 -> 0 | F7: ='Données Contrats'!F7 -> OK | G7: =IF(F7="OK","-",'Données Contrats'!B7) -> -
A8: ='Données Contrats'!A8 -> CTR-10004 | B8: ='Données Contrats'!B8 -> 0.952 | C8: ='Données Contrats'!C8 -> 0.952 | D8: ='Données Contrats'!D8 -> 0 | E8: ='Données Contrats'!E8 -> 0 | F8: ='Données Contrats'!F8 -> OK | G8: =IF(F8="OK","-",'Données Contrats'!B8) -> -
A9: ='Données Contrats'!A9 -> CTR-10005 | B9: ='Données Contrats'!B9 -> 0.9223 | C9: ='Données Contrats'!C9 -> 0.9223 | D9: ='Données Contrats'!D9 -> 0 | E9: ='Données Contrats'!E9 -> 0 | F9: ='Données Contrats'!F9 -> OK | G9: =IF(F9="OK","-",'Données Contrats'!B9) -> -
A10: ='Données Contrats'!A10 -> CTR-10006 | B10: ='Données Contrats'!B10 -> 1 | C10: ='Données Contrats'!C10 -> 1 | D10: ='Données Contrats'!D10 -> 0 | E10: ='Données Contrats'!E10 -> 0 | F10: ='Données Contrats'!F10 -> OK | G10: =IF(F10="OK","-",'Données Contrats'!B10) -> -
A11: ='Données Contrats'!A11 -> CTR-10007 | B11: ='Données Contrats'!B11 -> 1 | C11: ='Données Contrats'!C11 -> 1 | D11: ='Données Contrats'!D11 -> 0 | E11: ='Données Contrats'!E11 -> 0 | F11: ='Données Contrats'!F11 -> OK | G11: =IF(F11="OK","-",'Données Contrats'!B11) -> -
A12: ='Données Contrats'!A12 -> CTR-10008 | B12: ='Données Contrats'!B12 -> 1.1149 | C12: ='Données Contrats'!C12 -> 1.1149 | D12: ='Données Contrats'!D12 -> 0 | E12: ='Données Contrats'!E12 -> 0 | F12: ='Données Contrats'!F12 -> OK | G12: =IF(F12="OK","-",'Données Contrats'!B12) -> -
A13: ='Données Contrats'!A13 -> CTR-10009 | B13: ='Données Contrats'!B13 -> 1 | C13: ='Données Contrats'!C13 -> 0.9747 | D13: ='Données Contrats'!D13 -> -0.0253 | E13: ='Données Contrats'!E13 -> -0.0253 | F13: ='Données Contrats'!F13 -> Critique | G13: =IF(F13="OK","-",'Données Contrats'!B13) -> 1
A14: ='Données Contrats'!A14 -> CTR-10010 | B14: ='Données Contrats'!B14 -> 1 | C14: ='Données Contrats'!C14 -> 0.976 | D14: ='Données Contrats'!D14 -> -0.024 | E14: ='Données Contrats'!E14 -> -0.024 | F14: ='Données Contrats'!F14 -> Critique | G14: =IF(F14="OK","-",'Données Contrats'!B14) -> 1
A15: ='Données Contrats'!A15 -> CTR-10011 | B15: ='Données Contrats'!B15 -> 1 | C15: ='Données Contrats'!C15 -> 1 | D15: ='Données Contrats'!D15 -> 0 | E15: ='Données Contrats'!E15 -> 0 | F15: ='Données Contrats'!F15 -> OK | G15: =IF(F15="OK","-",'Données Contrats'!B15) -> -
A16: ='Données Contrats'!A16 -> CTR-10012 | B16: ='Données Contrats'!B16 -> 1.1112 | C16: ='Données Contrats'!C16 -> 1.1112 | D16: ='Données Contrats'!D16 -> 0 | E16: ='Données Contrats'!E16 -> 0 | F16: ='Données Contrats'!F16 -> OK | G16: =IF(F16="OK","-",'Données Contrats'!B16) -> -
... A304: ='Données Contrats'!A304 -> CTR-10300 | B304: ='Données Contrats'!B304 -> 1.1069 | C304: ='Données Contrats'!C304 -> 1.0596 | D304: ='Données Contrats'!D304 -> -0.0473 | E304: ='Données Contrats'!E304 -> -0.042731954 | F304: ='Données Contrats'!F304 -> Critique | G304: =IF(F304="OK","-",'Données Contrats'!B304) -> 1.1069
