Workbook

Sheet Synthèse
A1: PRICE TEST — JEUNES CONDUCTEURS
A2: Synthèse 2022-2025 · Analyse par modalité de test tarifaire
A4: Exposition totale | C4: Ressource HT totale | E4: Prime TTC moyenne | G4: ELR moyen pondéré
A5: =SUM(Données!C2:C21) -> 149750 | C5: =SUM(Données!E2:E21) -> 155431931 | E5: =SUMPRODUCT(Données!C2:C21,Données!D2:D21)/SUM(Données!C2:C21) -> 1294.8936 | G5: =SUMPRODUCT(Données!C2:C21,Données!G2:G21)/SUM(Données!C2:C21) -> 0.91685623
A8: 1 · Répartition par modalité (cumul 2022-2025)
A9: Modalité | B9: Exposition | C9: % Exposition | D9: Ressource HT | E9: % Ressource HT | F9: Prime TTC moy.
A10: Témoin | B10: =SUMIF(Données!B:B,A10,Données!C:C) -> 79260 | C10: =B10/SUM($B$10:$B$14) -> 0.52928214 | D10: =SUMIF(Données!B:B,A10,Données!E:E) -> 80116222 | E10: =D10/SUM($D$10:$D$14) -> 0.51544249 | F10: =D10/B10 -> 1010.8027
A11: Test -5% | B11: =SUMIF(Données!B:B,A11,Données!C:C) -> 18090 | C11: =B11/SUM($B$10:$B$14) -> 0.12080134 | D11: =SUMIF(Données!B:B,A11,Données!E:E) -> 17321737 | E11: =D11/SUM($D$10:$D$14) -> 0.11144259 | F11: =D11/B11 -> 957.53107
A12: Test +5% | B12: =SUMIF(Données!B:B,A12,Données!C:C) -> 17930 | C12: =B12/SUM($B$10:$B$14) -> 0.11973289 | D12: =SUMIF(Données!B:B,A12,Données!E:E) -> 19008260 | E12: =D12/SUM($D$10:$D$14) -> 0.12229315 | F12: =D12/B12 -> 1060.1372
A13: Test +10% | B13: =SUMIF(Données!B:B,A13,Données!C:C) -> 17390 | C13: =B13/SUM($B$10:$B$14) -> 0.11612688 | D13: =SUMIF(Données!B:B,A13,Données!E:E) -> 19256366 | E13: =D13/SUM($D$10:$D$14) -> 0.12388938 | F13: =D13/B13 -> 1107.3241
A14: Test +15% | B14: =SUMIF(Données!B:B,A14,Données!C:C) -> 17080 | C14: =B14/SUM($B$10:$B$14) -> 0.11405676 | D14: =SUMIF(Données!B:B,A14,Données!E:E) -> 19729346 | E14: =D14/SUM($D$10:$D$14) -> 0.12693239 | F14: =D14/B14 -> 1155.1139
A15: TOTAL | B15: =SUM(B10:B14) -> 149750 | C15: =SUM(C10:C14) -> 1 | D15: =SUM(D10:D14) -> 155431931 | E15: =SUM(E10:E14) -> 1 | F15: =D15/B15 -> 1037.9428
A18: 2 · Résiliation & Majoration moyenne par modalité (pondéré exposition)
A19: Modalité | B19: Majoration moy. | C19: Taux résil. fenêtre | D19: Taux résil. hors fenêtre | E19: Taux résil. total | F19: Coeff. tarifaire
A20: Témoin | B20: =SUMPRODUCT((Données!$B$2:$B$21=A20)*Données!$C$2:$C$21*Données!$F$2:$F$21)/SUMIF(Données!$B$2:$B$21,A20,Données!$C$2:$C$21) -> 0.049790058 | C20: =SUMPRODUCT((Données!$B$2:$B$21=A20)*Données!$C$2:$C$21*Données!$H$2:$H$21)/SUMIF(Données!$B$2:$B$21,A20,Données!$C$2:$C$21) -> 0.14398473 | D20: =SUMPRODUCT((Données!$B$2:$B$21=A20)*Données!$C$2:$C$21*Données!$I$2:$I$21)/SUMIF(Données!$B$2:$B$21,A20,Données!$C$2:$C$21) -> 0.099653419 | E20: =C20+D20 -> 0.24363815 | F20: =SUMPRODUCT((Données!$B$2:$B$21=A20)*Données!$C$2:$C$21*Données!$J$2:$J$21)/SUMIF(Données!$B$2:$B$21,A20,Données!$C$2:$C$21) -> 1
A21: Test -5% | B21: =SUMPRODUCT((Données!$B$2:$B$21=A21)*Données!$C$2:$C$21*Données!$F$2:$F$21)/SUMIF(Données!$B$2:$B$21,A21,Données!$C$2:$C$21) -> 0.024124378 | C21: =SUMPRODUCT((Données!$B$2:$B$21=A21)*Données!$C$2:$C$21*Données!$H$2:$H$21)/SUMIF(Données!$B$2:$B$21,A21,Données!$C$2:$C$21) -> 0.12568657 | D21: =SUMPRODUCT((Données!$B$2:$B$21=A21)*Données!$C$2:$C$21*Données!$I$2:$I$21)/SUMIF(Données!$B$2:$B$21,A21,Données!$C$2:$C$21) -> 0.092416805 | E21: =C21+D21 -> 0.21810337 | F21: =SUMPRODUCT((Données!$B$2:$B$21=A21)*Données!$C$2:$C$21*Données!$J$2:$J$21)/SUMIF(Données!$B$2:$B$21,A21,Données!$C$2:$C$21) -> 0.952
A22: Test +5% | B22: =SUMPRODUCT((Données!$B$2:$B$21=A22)*Données!$C$2:$C$21*Données!$F$2:$F$21)/SUMIF(Données!$B$2:$B$21,A22,Données!$C$2:$C$21) -> 0.071983826 | C22: =SUMPRODUCT((Données!$B$2:$B$21=A22)*Données!$C$2:$C$21*Données!$H$2:$H$21)/SUMIF(Données!$B$2:$B$21,A22,Données!$C$2:$C$21) -> 0.15874177 | D22: =SUMPRODUCT((Données!$B$2:$B$21=A22)*Données!$C$2:$C$21*Données!$I$2:$I$21)/SUMIF(Données!$B$2:$B$21,A22,Données!$C$2:$C$21) -> 0.10868321 | E22: =C22+D22 -> 0.26742499 | F22: =SUMPRODUCT((Données!$B$2:$B$21=A22)*Données!$C$2:$C$21*Données!$J$2:$J$21)/SUMIF(Données!$B$2:$B$21,A22,Données!$C$2:$C$21) -> 1.048
A23: Test +10% | B23: =SUMPRODUCT((Données!$B$2:$B$21=A23)*Données!$C$2:$C$21*Données!$F$2:$F$21)/SUMIF(Données!$B$2:$B$21,A23,Données!$C$2:$C$21) -> 0.095256469 | C23: =SUMPRODUCT((Données!$B$2:$B$21=A23)*Données!$C$2:$C$21*Données!$H$2:$H$21)/SUMIF(Données!$B$2:$B$21,A23,Données!$C$2:$C$21) -> 0.17553939 | D23: =SUMPRODUCT((Données!$B$2:$B$21=A23)*Données!$C$2:$C$21*Données!$I$2:$I$21)/SUMIF(Données!$B$2:$B$21,A23,Données!$C$2:$C$21) -> 0.12045256 | E23: =C23+D23 -> 0.29599195 | F23: =SUMPRODUCT((Données!$B$2:$B$21=A23)*Données!$C$2:$C$21*Données!$J$2:$J$21)/SUMIF(Données!$B$2:$B$21,A23,Données!$C$2:$C$21) -> 1.095
A24: Test +15% | B24: =SUMPRODUCT((Données!$B$2:$B$21=A24)*Données!$C$2:$C$21*Données!$F$2:$F$21)/SUMIF(Données!$B$2:$B$21,A24,Données!$C$2:$C$21) -> 0.1257822 | C24: =SUMPRODUCT((Données!$B$2:$B$21=A24)*Données!$C$2:$C$21*Données!$H$2:$H$21)/SUMIF(Données!$B$2:$B$21,A24,Données!$C$2:$C$21) -> 0.19807436 | D24: =SUMPRODUCT((Données!$B$2:$B$21=A24)*Données!$C$2:$C$21*Données!$I$2:$I$21)/SUMIF(Données!$B$2:$B$21,A24,Données!$C$2:$C$21) -> 0.13297834 | E24: =C24+D24 -> 0.33105269 | F24: =SUMPRODUCT((Données!$B$2:$B$21=A24)*Données!$C$2:$C$21*Données!$J$2:$J$21)/SUMIF(Données!$B$2:$B$21,A24,Données!$C$2:$C$21) -> 1.142
A28: 3 · Évolution annuelle (tous tests confondus)
A29: Année | B29: Exposition | C29: Ressource HT | D29: Prime TTC moy. | E29: ELR moyen | F29: Taux résil. total
A30: 2022 | B30: =SUMIF(Données!A:A,A30,Données!C:C) -> 34840 | C30: =SUMIF(Données!A:A,A30,Données!E:E) -> 33931177 | D30: =C30/B30 -> 973.91438 | E30: =SUMPRODUCT((Données!$A$2:$A$21=A30)*Données!$C$2:$C$21*Données!$G$2:$G$21)/B30 -> 0.90036883 | F30: =SUMPRODUCT((Données!$A$2:$A$21=A30)*Données!$C$2:$C$21*(Données!$H$2:$H$21+Données!$I$2:$I$21))/B30 -> 0.24868197
A31: 2023 | B31: =SUMIF(Données!A:A,A31,Données!C:C) -> 36210 | C31: =SUMIF(Données!A:A,A31,Données!E:E) -> 36438038 | D31: =C31/B31 -> 1006.2977 | E31: =SUMPRODUCT((Données!$A$2:$A$21=A31)*Données!$C$2:$C$21*Données!$G$2:$G$21)/B31 -> 0.90844049 | F31: =SUMPRODUCT((Données!$A$2:$A$21=A31)*Données!$C$2:$C$21*(Données!$H$2:$H$21+Données!$I$2:$I$21))/B31 -> 0.25582132
A32: 2024 | B32: =SUMIF(Données!A:A,A32,Données!C:C) -> 38280 | C32: =SUMIF(Données!A:A,A32,Données!E:E) -> 40335848 | D32: =C32/B32 -> 1053.7055 | E32: =SUMPRODUCT((Données!$A$2:$A$21=A32)*Données!$C$2:$C$21*Données!$G$2:$G$21)/B32 -> 0.9212325 | F32: =SUMPRODUCT((Données!$A$2:$A$21=A32)*Données!$C$2:$C$21*(Données!$H$2:$H$21+Données!$I$2:$I$21))/B32 -> 0.26301776
A33: 2025 | B33: =SUMIF(Données!A:A,A33,Données!C:C) -> 40420 | C33: =SUMIF(Données!A:A,A33,Données!E:E) -> 44726868 | D33: =C33/B33 -> 1106.5529 | E33: =SUMPRODUCT((Données!$A$2:$A$21=A33)*Données!$C$2:$C$21*Données!$G$2:$G$21)/B33 -> 0.93446215 | F33: =SUMPRODUCT((Données!$A$2:$A$21=A33)*Données!$C$2:$C$21*(Données!$H$2:$H$21+Données!$I$2:$I$21))/B33 -> 0.26860886

Sheet Données
A1: Année | B1: Population price test | C1: Exposition | D1: Prime TTC moyenne | E1: Ressource HT | F1: Majoration moyenne | G1: ELR moyen | H1: Taux résiliation fenêtre renouvellement | I1: Taux résiliation hors fenêtre | J1: Coefficient tarifaire moyen
A2: 2022 | B2: Témoin | C2: 18420 | D2: 1182 | E2: 17465640 | F2: 0.042 | G2: 0.912 | H2: 0.138 | I2: 0.096 | J2: 1
A3: 2022 | B3: Test -5% | C3: 4210 | D3: 1125 | E3: 3787425 | F3: 0.021 | G3: 0.928 | H3: 0.121 | I3: 0.088 | J3: 0.952
A4: 2022 | B4: Test +5% | C4: 4180 | D4: 1241 | E4: 4151830 | F4: 0.065 | G4: 0.891 | H4: 0.152 | I4: 0.104 | J4: 1.048
A5: 2022 | B5: Test +10% | C5: 4050 | D5: 1298 | E5: 4204602 | F5: 0.088 | G5: 0.873 | H5: 0.168 | I5: 0.115 | J5: 1.095
A6: 2022 | B6: Test +15% | C6: 3980 | D6: 1356 | E6: 4321680 | F6: 0.118 | G6: 0.855 | H6: 0.189 | I6: 0.127 | J6: 1.142
A7: 2023 | B7: Témoin | C7: 19150 | D7: 1221 | E7: 18763830 | F7: 0.048 | G7: 0.921 | H7: 0.142 | I7: 0.098 | J7: 1
A8: 2023 | B8: Test -5% | C8: 4380 | D8: 1162 | E8: 4069680 | F8: 0.023 | G8: 0.935 | H8: 0.124 | I8: 0.091 | J8: 0.952
A9: 2023 | B9: Test +5% | C9: 4340 | D9: 1282 | E9: 4463192 | F9: 0.071 | G9: 0.898 | H9: 0.157 | I9: 0.107 | J9: 1.048
A10: 2023 | B10: Test +10% | C10: 4210 | D10: 1342 | E10: 4517724 | F10: 0.094 | G10: 0.88 | H10: 0.173 | I10: 0.119 | J10: 1.095
A11: 2023 | B11: Test +15% | C11: 4130 | D11: 1401 | E11: 4623612 | F11: 0.124 | G11: 0.862 | H11: 0.196 | I11: 0.131 | J11: 1.142
A12: 2024 | B12: Témoin | C12: 20280 | D12: 1278 | E12: 20810574 | F12: 0.052 | G12: 0.934 | H12: 0.146 | I12: 0.101 | J12: 1
A13: 2024 | B13: Test -5% | C13: 4620 | D13: 1217 | E13: 4491372 | F13: 0.025 | G13: 0.948 | H13: 0.127 | I13: 0.094 | J13: 0.952
... A21: 2025 | B21: Test +15% | C21: 4610 | D21: 1538 | E21: 5672090 | F21: 0.132 | G21: 0.887 | H21: 0.205 | I21: 0.138 | J21: 1.142

Sheet Graphiques
A1: VISUELS — PRICE TEST JEUNES CONDUCTEURS
A3: Modalité | B3: Exposition | C3: Ressource HT
A4: Témoin | B4: =SUMIF(Données!B:B,A4,Données!C:C) -> 79260 | C4: =SUMIF(Données!B:B,A4,Données!E:E) -> 80116222
A5: Test -5% | B5: =SUMIF(Données!B:B,A5,Données!C:C) -> 18090 | C5: =SUMIF(Données!B:B,A5,Données!E:E) -> 17321737
A6: Test +5% | B6: =SUMIF(Données!B:B,A6,Données!C:C) -> 17930 | C6: =SUMIF(Données!B:B,A6,Données!E:E) -> 19008260
A7: Test +10% | B7: =SUMIF(Données!B:B,A7,Données!C:C) -> 17390 | C7: =SUMIF(Données!B:B,A7,Données!E:E) -> 19256366
A8: Test +15% | B8: =SUMIF(Données!B:B,A8,Données!C:C) -> 17080 | C8: =SUMIF(Données!B:B,A8,Données!E:E) -> 19729346
A23: Modalité | B23: Majoration moy. | C23: Résil. fenêtre | D23: Résil. hors fenêtre
A24: Témoin | B24: =SUMPRODUCT((Données!$B$2:$B$21=A24)*Données!$C$2:$C$21*Données!$F$2:$F$21)/SUMIF(Données!$B$2:$B$21,A24,Données!$C$2:$C$21) -> 0.049790058 | C24: =SUMPRODUCT((Données!$B$2:$B$21=A24)*Données!$C$2:$C$21*Données!$H$2:$H$21)/SUMIF(Données!$B$2:$B$21,A24,Données!$C$2:$C$21) -> 0.14398473 | D24: =SUMPRODUCT((Données!$B$2:$B$21=A24)*Données!$C$2:$C$21*Données!$I$2:$I$21)/SUMIF(Données!$B$2:$B$21,A24,Données!$C$2:$C$21) -> 0.099653419
A25: Test -5% | B25: =SUMPRODUCT((Données!$B$2:$B$21=A25)*Données!$C$2:$C$21*Données!$F$2:$F$21)/SUMIF(Données!$B$2:$B$21,A25,Données!$C$2:$C$21) -> 0.024124378 | C25: =SUMPRODUCT((Données!$B$2:$B$21=A25)*Données!$C$2:$C$21*Données!$H$2:$H$21)/SUMIF(Données!$B$2:$B$21,A25,Données!$C$2:$C$21) -> 0.12568657 | D25: =SUMPRODUCT((Données!$B$2:$B$21=A25)*Données!$C$2:$C$21*Données!$I$2:$I$21)/SUMIF(Données!$B$2:$B$21,A25,Données!$C$2:$C$21) -> 0.092416805
A26: Test +5% | B26: =SUMPRODUCT((Données!$B$2:$B$21=A26)*Données!$C$2:$C$21*Données!$F$2:$F$21)/SUMIF(Données!$B$2:$B$21,A26,Données!$C$2:$C$21) -> 0.071983826 | C26: =SUMPRODUCT((Données!$B$2:$B$21=A26)*Données!$C$2:$C$21*Données!$H$2:$H$21)/SUMIF(Données!$B$2:$B$21,A26,Données!$C$2:$C$21) -> 0.15874177 | D26: =SUMPRODUCT((Données!$B$2:$B$21=A26)*Données!$C$2:$C$21*Données!$I$2:$I$21)/SUMIF(Données!$B$2:$B$21,A26,Données!$C$2:$C$21) -> 0.10868321
A27: Test +10% | B27: =SUMPRODUCT((Données!$B$2:$B$21=A27)*Données!$C$2:$C$21*Données!$F$2:$F$21)/SUMIF(Données!$B$2:$B$21,A27,Données!$C$2:$C$21) -> 0.095256469 | C27: =SUMPRODUCT((Données!$B$2:$B$21=A27)*Données!$C$2:$C$21*Données!$H$2:$H$21)/SUMIF(Données!$B$2:$B$21,A27,Données!$C$2:$C$21) -> 0.17553939 | D27: =SUMPRODUCT((Données!$B$2:$B$21=A27)*Données!$C$2:$C$21*Données!$I$2:$I$21)/SUMIF(Données!$B$2:$B$21,A27,Données!$C$2:$C$21) -> 0.12045256
A28: Test +15% | B28: =SUMPRODUCT((Données!$B$2:$B$21=A28)*Données!$C$2:$C$21*Données!$F$2:$F$21)/SUMIF(Données!$B$2:$B$21,A28,Données!$C$2:$C$21) -> 0.1257822 | C28: =SUMPRODUCT((Données!$B$2:$B$21=A28)*Données!$C$2:$C$21*Données!$H$2:$H$21)/SUMIF(Données!$B$2:$B$21,A28,Données!$C$2:$C$21) -> 0.19807436 | D28: =SUMPRODUCT((Données!$B$2:$B$21=A28)*Données!$C$2:$C$21*Données!$I$2:$I$21)/SUMIF(Données!$B$2:$B$21,A28,Données!$C$2:$C$21) -> 0.13297834
